{"v":"5.9.2","fr":60,"ip":0,"op":121,"w":18,"h":32,"nm":"main_arrow","ddd":0,"assets":[],"layers":[{"ddd":0,"ind":1,"ty":4,"nm":"Rectangle 853","sr":1,"ks":{"o":{"a":0,"k":100,"ix":11},"r":{"a":0,"k":0,"ix":10},"p":{"a":1,"k":[{"i":{"x":0.287,"y":1},"o":{"x":0.333,"y":0},"t":0,"s":[9,18.125,0],"to":[0,-1.802,0],"ti":[0,0,0]},{"i":{"x":0.667,"y":1},"o":{"x":0.726,"y":0},"t":60,"s":[9,7.312,0],"to":[0,0,0],"ti":[0,-1.802,0]},{"t":120,"s":[9,18.125,0]}],"ix":2,"l":2,"x":"var $bm_rt;\n$bm_rt = loopOut('cycle', 0);"},"a":{"a":0,"k":[0,0,0],"ix":1,"l":2},"s":{"a":0,"k":[100,100,100],"ix":6,"l":2}},"ao":0,"shapes":[{"ty":"gr","it":[{"ind":0,"ty":"sh","ix":1,"ks":{"a":0,"k":{"i":[[0,0],[0,0],[0,0]],"o":[[0,0],[0,0],[0,0]],"v":[[-4.95,4.95],[4.95,4.95],[4.95,-4.95]],"c":false},"ix":2},"nm":"Path 1","mn":"ADBE Vector Shape - Group","hd":false},{"ty":"st","c":{"a":0,"k":[0.066666670144,0.066666670144,0.074509806931,1],"ix":3},"o":{"a":0,"k":100,"ix":4},"w":{"a":0,"k":2.5,"ix":5},"lc":2,"lj":2,"bm":0,"nm":"Stroke 1","mn":"ADBE Vector Graphic - Stroke","hd":false},{"ty":"tr","p":{"a":0,"k":[0,0],"ix":2},"a":{"a":0,"k":[0,0],"ix":1},"s":{"a":0,"k":[100,100],"ix":3},"r":{"a":0,"k":45,"ix":6},"o":{"a":0,"k":100,"ix":7},"sk":{"a":0,"k":0,"ix":4},"sa":{"a":0,"k":0,"ix":5},"nm":"Transform"}],"nm":"Rectangle 853","np":2,"cix":2,"bm":0,"ix":1,"mn":"ADBE Vector Group","hd":false}],"ip":0,"op":300,"st":0,"bm":0}],"markers":[]}