{"v":"5.9.2","fr":60,"ip":0,"op":156,"w":88,"h":74,"nm":"HAND","ddd":0,"assets":[],"layers":[{"ddd":0,"ind":1,"ty":4,"nm":"Vector 2","sr":1,"ks":{"o":{"a":1,"k":[{"i":{"x":[0.667],"y":[1]},"o":{"x":[0.167],"y":[0]},"t":0,"s":[0]},{"i":{"x":[0.833],"y":[1]},"o":{"x":[0.333],"y":[0]},"t":60,"s":[100]},{"i":{"x":[0.833],"y":[1]},"o":{"x":[0.167],"y":[0]},"t":125,"s":[100]},{"t":155,"s":[0]}],"ix":11},"r":{"a":0,"k":45,"ix":10},"p":{"a":1,"k":[{"i":{"x":0.667,"y":1},"o":{"x":0.333,"y":0},"t":0,"s":[60.329,29.051,0],"to":[-6.197,0,0],"ti":[6.197,0,0]},{"t":60,"s":[23.149,29.051,0]}],"ix":2,"l":2},"a":{"a":0,"k":[-13.696,-8.227,0],"ix":1,"l":2},"s":{"a":1,"k":[{"i":{"x":[0.667,0.667,0.667],"y":[1,1,1]},"o":{"x":[0.333,0.333,0.333],"y":[0,0,0]},"t":60,"s":[133.126,133.126,100]},{"i":{"x":[0.667,0.667,0.667],"y":[1,1,1]},"o":{"x":[0.333,0.333,0.333],"y":[0,0,0]},"t":70,"s":[125.066,125.066,100]},{"t":80,"s":[133.126,133.126,100]}],"ix":6,"l":2}},"ao":0,"shapes":[{"ty":"gr","it":[{"ind":0,"ty":"sh","ix":1,"ks":{"a":0,"k":{"i":[[-1.355,-1.355],[0,0],[0,-2.495],[1.89,-1.888],[0,0],[2.675,0],[0,0],[0,1.506],[-1.987,0.284],[0,0],[0,0],[-1.357,1.355],[-1.355,-1.355],[0,0],[-0.424,0.424],[-1.362,-1.04],[-0.432,0.433],[-1.362,-1.043],[-0.433,0.433]],"o":[[0,0],[1.679,1.846],[0,2.671],[0,0],[-1.892,1.892],[0,0],[-1.506,0],[0,-2.009],[0,0],[0,0],[-1.357,-1.357],[1.368,-1.368],[0,0],[0.158,-0.539],[1.253,-1.255],[0.157,-0.552],[1.255,-1.255],[0.153,-0.554],[1.368,-1.368]],"v":[[8.226,-13.056],[15.073,-5.531],[17.677,1.201],[14.747,8.273],[11.882,11.138],[4.801,14.071],[-12.369,14.071],[-15.1,11.34],[-11.615,7.321],[-4.262,6.166],[-16.659,-6.231],[-16.659,-11.149],[-11.73,-11.16],[-8.503,-7.933],[-7.629,-9.403],[-3.049,-9.72],[-2.166,-11.224],[2.415,-11.539],[3.297,-13.045]],"c":true},"ix":2},"nm":"Path 1","mn":"ADBE Vector Shape - Group","hd":false},{"ind":1,"ty":"sh","ix":2,"ks":{"a":0,"k":{"i":[[-1.548,1.548],[0,0],[0,2.185],[1.371,1.51],[0,0],[0.648,-0.645],[0,-0.442],[-0.313,-0.313],[0,0],[0.355,-0.355],[0.357,0.339],[0.002,0],[0,0],[0.002,0.002],[0.002,0.002],[0,0],[0.004,0.002],[0,0],[0.645,-0.645],[-0.646,-0.646],[0,0],[0,-0.233],[0.177,-0.178],[0.355,0.355],[0,0],[0.645,-0.645],[-0.646,-0.646],[0,0],[0,-0.233],[0.177,-0.178],[0.355,0.355],[0,0],[0.424,0],[0.324,-0.322],[-0.646,-0.646],[0,0],[0.106,-0.324],[0.339,-0.053],[0,0],[0,-1.107],[-0.503,0],[0,0]],"o":[[0,0],[1.546,-1.546],[0,-2.041],[0,0],[-0.617,-0.612],[-0.324,0.324],[0,0.442],[0,0],[0.355,0.355],[-0.348,0.35],[0,0],[0,0],[0,0],[0,0],[0,0],[0,0],[0,0],[-0.645,-0.645],[-0.657,0.657],[0,0],[0.178,0.178],[0,0.233],[-0.355,0.355],[0,0],[-0.645,-0.645],[-0.657,0.657],[0,0],[0.178,0.178],[0,0.233],[-0.355,0.355],[0,0],[-0.324,-0.324],[-0.424,0],[-0.656,0.657],[0,0],[0.242,0.242],[-0.107,0.326],[0,0],[-1.109,0.158],[0,0.503],[0,0],[2.189,0]],"v":[[10.595,9.85],[13.459,6.986],[15.856,1.201],[13.727,-4.306],[6.909,-11.799],[4.595,-11.768],[4.1,-10.587],[4.586,-9.414],[4.664,-9.336],[4.664,-8.048],[3.395,-8.03],[3.393,-8.032],[3.391,-8.032],[3.39,-8.034],[3.388,-8.035],[3.386,-8.037],[3.384,-8.039],[1.476,-9.947],[-0.868,-9.947],[-0.879,-7.593],[1.021,-5.694],[1.288,-5.049],[1.022,-4.404],[-0.265,-4.404],[-3.987,-8.126],[-6.331,-8.126],[-6.342,-5.772],[-2.621,-2.052],[-2.354,-1.407],[-2.62,-0.762],[-3.907,-0.762],[-13.017,-9.873],[-14.19,-10.359],[-15.363,-9.874],[-15.372,-7.518],[-1.709,6.144],[-1.487,7.069],[-2.212,7.687],[-11.344,9.122],[-13.28,11.34],[-12.369,12.25],[4.801,12.25]],"c":true},"ix":2},"nm":"Path 2","mn":"ADBE Vector Shape - Group","hd":false},{"ty":"mm","mm":1,"nm":"Merge Paths 1","mn":"ADBE Vector Filter - Merge","hd":false},{"ty":"fl","c":{"a":0,"k":[0.894117647059,0.258823529412,0.250980392157,1],"ix":4},"o":{"a":0,"k":100,"ix":5},"r":1,"bm":0,"nm":"Fill 1","mn":"ADBE Vector Graphic - Fill","hd":false},{"ty":"tr","p":{"a":0,"k":[0,0],"ix":2},"a":{"a":0,"k":[0,0],"ix":1},"s":{"a":0,"k":[100,100],"ix":3},"r":{"a":0,"k":0,"ix":6},"o":{"a":0,"k":100,"ix":7},"sk":{"a":0,"k":0,"ix":4},"sa":{"a":0,"k":0,"ix":5},"nm":"Transform"}],"nm":"Vector","np":4,"cix":2,"bm":0,"ix":1,"mn":"ADBE Vector Group","hd":false},{"ty":"gr","it":[{"ind":0,"ty":"sh","ix":1,"ks":{"a":0,"k":{"i":[[0,0],[-0.829,-2.486],[0,0],[1.243,-0.829],[1.312,-1.312],[-8.631,-0.069],[-4.557,8.286],[5.11,4.972],[1.519,-4.419],[-0.414,-1.657],[-0.207,-2.831]],"o":[[0,0],[0.829,2.486],[0,0],[-1.243,0.829],[-1.312,1.312],[8.631,0.069],[2.693,-5.317],[-5.11,-4.972],[-2.831,-1.036],[-3.936,-1.312],[-4.143,-3.729]],"v":[[-13.5,-11.697],[-16.814,-8.659],[-7.492,1.63],[-3.004,6.394],[-12.602,9.087],[-8.114,13.161],[14.742,6.602],[11.773,-8.382],[3.072,-10.73],[-2.521,-8.451],[-7.769,-6.38]],"c":true},"ix":2},"nm":"Path 1","mn":"ADBE Vector Shape - Group","hd":false},{"ty":"fl","c":{"a":0,"k":[1,1,1,1],"ix":4},"o":{"a":0,"k":100,"ix":5},"r":1,"bm":0,"nm":"Fill 1","mn":"ADBE Vector Graphic - Fill","hd":false},{"ty":"tr","p":{"a":0,"k":[0,0],"ix":2},"a":{"a":0,"k":[0,0],"ix":1},"s":{"a":0,"k":[100,100],"ix":3},"r":{"a":0,"k":0,"ix":6},"o":{"a":0,"k":100,"ix":7},"sk":{"a":0,"k":0,"ix":4},"sa":{"a":0,"k":0,"ix":5},"nm":"Transform"}],"nm":"Shape 1","np":3,"cix":2,"bm":0,"ix":2,"mn":"ADBE Vector Group","hd":false}],"ip":0,"op":156,"st":0,"bm":0},{"ddd":0,"ind":2,"ty":4,"nm":"Shape Layer 3","sr":1,"ks":{"o":{"a":1,"k":[{"i":{"x":[0.667],"y":[1]},"o":{"x":[0.333],"y":[0]},"t":105,"s":[100]},{"t":125,"s":[0]}],"ix":11},"r":{"a":0,"k":0,"ix":10},"p":{"a":0,"k":[23.171,28.814,0],"ix":2,"l":2},"a":{"a":0,"k":[117.438,-168.688,0],"ix":1,"l":2},"s":{"a":1,"k":[{"i":{"x":[0.667,0.667,0.667],"y":[1,1,1]},"o":{"x":[0.333,0.333,0.333],"y":[0,0,0]},"t":65,"s":[0,0,100]},{"t":125,"s":[201.752,201.752,100]}],"ix":6,"l":2}},"ao":0,"shapes":[{"ty":"gr","it":[{"d":1,"ty":"el","s":{"a":0,"k":[18.125,18.125],"ix":2},"p":{"a":0,"k":[0,0],"ix":3},"nm":"Ellipse Path 1","mn":"ADBE Vector Shape - Ellipse","hd":false},{"ty":"st","c":{"a":0,"k":[0.894117647059,0.258823529412,0.250980392157,1],"ix":3},"o":{"a":0,"k":100,"ix":4},"w":{"a":0,"k":1.5,"ix":5},"lc":1,"lj":1,"ml":4,"bm":0,"nm":"Stroke 1","mn":"ADBE Vector Graphic - Stroke","hd":false},{"ty":"tr","p":{"a":0,"k":[117.437,-168.688],"ix":2},"a":{"a":0,"k":[0,0],"ix":1},"s":{"a":0,"k":[100,100],"ix":3},"r":{"a":0,"k":0,"ix":6},"o":{"a":0,"k":100,"ix":7},"sk":{"a":0,"k":0,"ix":4},"sa":{"a":0,"k":0,"ix":5},"nm":"Transform"}],"nm":"Ellipse 1","np":3,"cix":2,"bm":0,"ix":1,"mn":"ADBE Vector Group","hd":false}],"ip":65,"op":156,"st":65,"bm":0},{"ddd":0,"ind":3,"ty":4,"nm":"Shape Layer 1","sr":1,"ks":{"o":{"a":1,"k":[{"i":{"x":[0.667],"y":[1]},"o":{"x":[0.333],"y":[0]},"t":90,"s":[100]},{"t":110,"s":[0]}],"ix":11},"r":{"a":0,"k":0,"ix":10},"p":{"a":0,"k":[23.171,28.814,0],"ix":2,"l":2},"a":{"a":0,"k":[117.438,-168.688,0],"ix":1,"l":2},"s":{"a":1,"k":[{"i":{"x":[0.667,0.667,0.667],"y":[1,1,1]},"o":{"x":[0.333,0.333,0.333],"y":[0,0,0]},"t":50,"s":[0,0,100]},{"t":110,"s":[201.752,201.752,100]}],"ix":6,"l":2}},"ao":0,"shapes":[{"ty":"gr","it":[{"d":1,"ty":"el","s":{"a":0,"k":[18.125,18.125],"ix":2},"p":{"a":0,"k":[0,0],"ix":3},"nm":"Ellipse Path 1","mn":"ADBE Vector Shape - Ellipse","hd":false},{"ty":"st","c":{"a":0,"k":[0.894117647059,0.258823529412,0.250980392157,1],"ix":3},"o":{"a":0,"k":100,"ix":4},"w":{"a":0,"k":1.5,"ix":5},"lc":1,"lj":1,"ml":4,"bm":0,"nm":"Stroke 1","mn":"ADBE Vector Graphic - Stroke","hd":false},{"ty":"tr","p":{"a":0,"k":[117.437,-168.688],"ix":2},"a":{"a":0,"k":[0,0],"ix":1},"s":{"a":0,"k":[100,100],"ix":3},"r":{"a":0,"k":0,"ix":6},"o":{"a":0,"k":100,"ix":7},"sk":{"a":0,"k":0,"ix":4},"sa":{"a":0,"k":0,"ix":5},"nm":"Transform"}],"nm":"Ellipse 1","np":3,"cix":2,"bm":0,"ix":1,"mn":"ADBE Vector Group","hd":false}],"ip":50,"op":156,"st":50,"bm":0}],"markers":[]}